URL,Último rastreamento
https://www.lobatoemoraesimoveis.com.br/mobile/imovel/venda/apartamento,2026-08-28
https://www.lobatoemoraesimoveis.com.br/imovel/venda/consultorio-medico/?&pag=1&amp=1,2026-08-28
https://www.lobatoemoraesimoveis.com.br/imovel/?finalidade=venda&tipo=apartamento&bairro=0&sui&gar&dor&amp=1&pag=1,2026-08-28
https://www.lobatoemoraesimoveis.com.br/?MD=imagens/site_modelo/202601022027299947.pngimagens/site_modelo/202601022027299947.pngimagens/site_modelo/202601022027299947.png&amp=1,2026-08-28
https://www.lobatoemoraesimoveis.com.br/mobile/imovel/locacao/casa,2026-08-28
https://www.lobatoemoraesimoveis.com.br/,2026-08-28
https://www.lobatoemoraesimoveis.com.br/imovel/?vma=200000&amp=1,2026-08-28
https://www.lobatoemoraesimoveis.com.br/mobile/imovel/?vma=200000,2026-08-28
https://www.lobatoemoraesimoveis.com.br/bairro/taubate/jardim-de-alah,2026-08-28
https://www.lobatoemoraesimoveis.com.br/mobile/bairro/taubate/jardim-de-alah,2026-08-28
https://www.lobatoemoraesimoveis.com.br/bairro/taubate/residencial-novo-horizonte,2026-08-28
https://www.lobatoemoraesimoveis.com.br/mobile/bairro/taubate/residencial-novo-horizonte,2026-08-28
https://www.lobatoemoraesimoveis.com.br/imovel/4095777/cobertura-venda-taubate-rembrandt-3-suites,2026-08-28
https://www.lobatoemoraesimoveis.com.br/imovel/venda/sobrado/taubate/condominio-catagua-way-540184/?&pag=1&amp=1,2026-08-27
https://www.lobatoemoraesimoveis.com.br/mobile/imovel/4254893/apartamento-locacao-2-quartos-suite-81m-rembrandt-residencial-bosque-flamboyant-taubate,2026-08-27
https://www.lobatoemoraesimoveis.com.br/imovel/3504991/apartamento-venda-taubate-sp-jardim-dos-estados-residencial-taubate-privilege,2026-08-27
https://www.lobatoemoraesimoveis.com.br/mobile/imovel/locacao/apartamento/taubate,2026-08-27
https://www.lobatoemoraesimoveis.com.br/mobile/imovel/locacao/casa/taubate,2026-08-27
https://www.lobatoemoraesimoveis.com.br/mobile/imovel/locacao/sala-comercial,2026-08-27
https://www.lobatoemoraesimoveis.com.br/sobre,2026-08-27
https://www.lobatoemoraesimoveis.com.br/imovel/4006079/apartamento-venda-taubate-bosque-flamboyant,2026-08-27
https://www.lobatoemoraesimoveis.com.br/mobile/imovel/locacao/casa/taubate/terra-nova-427752,2026-08-27
https://www.lobatoemoraesimoveis.com.br/imovel/4194906/apartamento-venda-3-dorms-suite-166m-des-arts-jardim-nacoes-taubate,2026-08-27
https://www.lobatoemoraesimoveis.com.br/?Mobile=1,2026-08-27
https://www.lobatoemoraesimoveis.com.br/mobile/imovel/4280257/apartamento-venda-taubate-sp-jardim-das-nacoes,2026-08-27
https://www.lobatoemoraesimoveis.com.br/mobile/imovel/3970096/apartamento-locacao-taubate-sp-jardim-das-nacoes-condominio-des-arts,2026-08-27
https://www.lobatoemoraesimoveis.com.br/imovel/3388215/consultorio-medico-venda-taubate-sp-loteamento-residencial-e-comercial-bosque-flamboyant,2026-08-27
https://www.lobatoemoraesimoveis.com.br/mobile/imovel/?sui&gar&dor&pag=3,2026-08-27
https://www.lobatoemoraesimoveis.com.br/imovel/venda/casa/taubate/sao-goncalo-540186/?&dormitorios=3&amp=1,2026-08-27
https://www.lobatoemoraesimoveis.com.br/mobile/imovel/venda/casa/taubate/sao-goncalo-540186/?&dormitorios=3,2026-08-27
https://www.lobatoemoraesimoveis.com.br/mobile/imovel/venda/terreno/taubate/chacaras-catagua-427751,2026-08-27
https://www.lobatoemoraesimoveis.com.br/pagina/dados-para-financiamento-caixa,2026-08-27
https://www.lobatoemoraesimoveis.com.br/mobile/imovel/locacao/casa/taubate/centro-427742,2026-08-27
https://www.lobatoemoraesimoveis.com.br/mobile/imovel/?sui&gar&dor&pag=4,2026-08-27
https://www.lobatoemoraesimoveis.com.br/parceiros,2026-08-27
https://www.lobatoemoraesimoveis.com.br/imovel/?finalidade=venda&tipo=comercial,2026-08-27
https://www.lobatoemoraesimoveis.com.br/mobile/imovel/venda/comercial,2026-08-27
https://www.lobatoemoraesimoveis.com.br/mobile/imovel/locacao/terreno,2026-08-26
https://www.lobatoemoraesimoveis.com.br/imovel/?finalidade=locacao&tipo&cid=taubate&bairro=independencia-427767&sui&gar&dor&amp=1&pag=1,2026-08-25
https://www.lobatoemoraesimoveis.com.br/imovel/3875142/casa-condominio-chacaras-catagua-3-suites-lago-piscina-taubate,2026-08-25
https://www.lobatoemoraesimoveis.com.br/imovel/?finalidade=venda&tipo=casa&bairro=0&sui&gar&dor&amp=1&pag=1,2026-08-25
https://www.lobatoemoraesimoveis.com.br/contato,2026-08-25
https://www.lobatoemoraesimoveis.com.br/noticias/lei-afasta-impenhorabilidade-no-caso-de-fianca-em-contrato-de-locacao-9121,2026-08-25
https://www.lobatoemoraesimoveis.com.br/mobile/imovel/4385603/apartamento-venda-taubate-sp-jardim-das-nacoes-condominio-lucca,2026-08-25
https://lobatoemoraesimoveis.com.br/mobile/imovel/4283218/terreno-venda-taubate-sp-chacaras-catagua,2026-08-25
https://www.lobatoemoraesimoveis.com.br/imovel/venda/casa/taubate/residencial-novo-horizonte-427765/?&dormitorios=3&amp=1,2026-08-24
https://www.lobatoemoraesimoveis.com.br/mobile/imovel/venda/casa/taubate/residencial-novo-horizonte-427765/?&dormitorios=3,2026-08-24
https://www.lobatoemoraesimoveis.com.br/mobile/imovel/locacao/todos/taubate/independencia-427767/?banheiros=2&pag=1,2026-08-24
https://www.lobatoemoraesimoveis.com.br/imovel/venda/apartamento/taubate/jardim-das-nacoes-427741/?&dormitorios=3&pag=1,2026-08-24
https://www.lobatoemoraesimoveis.com.br/mobile/imovel/venda/apartamento/taubate/jardim-das-nacoes-427741/?&dormitorios=3&pag=1,2026-08-24
https://www.lobatoemoraesimoveis.com.br/imovel/venda/terreno/?&pag=1&amp=1,2026-08-24
https://www.lobatoemoraesimoveis.com.br/mobile/imovel/venda/terreno/?pag=1,2026-08-24
https://www.lobatoemoraesimoveis.com.br/mobile/imovel/4037399/casa-3-dormitorios-terreno-250m2-centro-taubate,2026-08-24
https://www.lobatoemoraesimoveis.com.br/mobile/imovel/4254893/apartamento-2-quartos-locacao-bosque-flamboyant-taubate,2026-08-24
https://www.lobatoemoraesimoveis.com.br/mobile/imovel/venda/apartamento/taubate/centro-427742,2026-08-24
https://www.lobatoemoraesimoveis.com.br/hs/reserva-do-bosque-8683,2026-08-24
https://www.lobatoemoraesimoveis.com.br/imovel/4317652/casa-condominio-3-dormitorios-jardim-marajoara-taubate,2026-08-24
https://www.lobatoemoraesimoveis.com.br/mobile/imovel/4317652/casa-condominio-3-dormitorios-jardim-marajoara-taubate,2026-08-24
https://www.lobatoemoraesimoveis.com.br/mobile/imovel/?pag=3,2026-08-24
https://www.lobatoemoraesimoveis.com.br/mobile/imovel/4296705/apartamento-locacao-taubate-sp-loteamento-residencial-e-comercial-bosque-flamboyant-rembrandt-residencial,2026-08-24
https://www.lobatoemoraesimoveis.com.br/mobile/imovel/3839575/apartamento-venda-taubate-sp-jardim-das-nacoes,2026-08-24
https://www.lobatoemoraesimoveis.com.br/mobile/imovel/venda/consultorio-medico/taubate,2026-08-24
https://www.lobatoemoraesimoveis.com.br/hs/rembrandt-residencial-8352,2026-08-24
https://www.lobatoemoraesimoveis.com.br/mobile/imovel/?pag=1,2026-08-24
https://www.lobatoemoraesimoveis.com.br/imovel/venda/?&pag=2&amp=1,2026-08-24
https://www.lobatoemoraesimoveis.com.br/mobile/imovel/?vmi=800000&vma=0&pag=1,2026-08-23
https://www.lobatoemoraesimoveis.com.br/mobile/imovel/venda/casa,2026-08-23
https://www.lobatoemoraesimoveis.com.br/imovel/locacao/apartamento/taubate/?&cid=taubate&sui&gar&dor&pag=1&amp=1,2026-08-23
https://www.lobatoemoraesimoveis.com.br/imovel/?pag=2&amp=1,2026-08-22
https://www.lobatoemoraesimoveis.com.br/hs/villa-mozart-campos-do-jordao-8547,2026-08-22
https://www.lobatoemoraesimoveis.com.br/mobile/imovel/?pag=2,2026-08-22
https://www.lobatoemoraesimoveis.com.br/imovel/3801802/casa-em-condominio-a-venda-taubate?&amp=1,2026-08-22
https://www.lobatoemoraesimoveis.com.br/mobile/imovel/4037399/casa-venda-centro-taubate-3-dormitorios-edicula-250m2,2026-08-21
https://www.lobatoemoraesimoveis.com.br/imovel/venda/apartamento/?&pag=2&amp=1,2026-08-21
https://www.lobatoemoraesimoveis.com.br/mobile/imovel/venda/apartamento/?&pag=2,2026-08-21
https://www.lobatoemoraesimoveis.com.br/mobile/imovel/4369119/apartamento-2-dormitorios-1-suite-areao-taubate,2026-08-21
https://www.lobatoemoraesimoveis.com.br/imovel/,2026-08-20
https://www.lobatoemoraesimoveis.com.br/imovel/3388284/https-wwwlobatoemoraesimoveiscombr-primeiro-consultorio-odontologico-taubate-independencia,2026-08-20
https://www.lobatoemoraesimoveis.com.br/imovel/4385603/apartamento-venda-taubate-sp-jardim-das-nacoes-condominio-lucca,2026-08-18
https://www.lobatoemoraesimoveis.com.br/mobile/imovel/venda/casa/taubate/vila-jaboticabira-772522,2026-08-18
https://www.lobatoemoraesimoveis.com.br/mobile/imovel/3934514/sala-comercial-locacao-taubate-sp-centro-agata-centro-empresarial,2026-08-17
https://www.lobatoemoraesimoveis.com.br/mobile/imovel/3801802/casa-em-condominio-a-venda-taubate,2026-08-17
https://www.lobatoemoraesimoveis.com.br/imovel/2661795/apartamento-venda-taubate-sp-jardim-das-nacoes,2026-08-17
https://www.lobatoemoraesimoveis.com.br/mobile/imovel/4374565/casa-venda-taubate-sp-residencial-novo-horizonte,2026-08-17
https://www.lobatoemoraesimoveis.com.br/imovel/?vmi=200000&vma=500000&pag=1&amp=1,2026-08-17
https://www.lobatoemoraesimoveis.com.br/mobile/imovel/?vmi=200000&vma=500000&pag=1,2026-08-17
https://www.lobatoemoraesimoveis.com.br/imovel/venda/apartamento/campos-do-jordao/vila-iara-460992/?&dormitorios=4&amp=1,2026-08-17
https://www.lobatoemoraesimoveis.com.br/mobile/imovel/venda/apartamento/campos-do-jordao/vila-iara-460992/?&dormitorios=4,2026-08-17
https://www.lobatoemoraesimoveis.com.br/imovel/venda/apartamento/taubate/?&pag=2&amp=1,2026-08-17
https://www.lobatoemoraesimoveis.com.br/mobile/imovel/venda/apartamento/taubate/?&pag=2,2026-08-17
https://www.lobatoemoraesimoveis.com.br/mobile/imovel/4368917/apartamento-2-dormitorios-1-suite-vila-costa-taubate,2026-08-17
https://www.lobatoemoraesimoveis.com.br/mobile/imovel/4254893/apartamento-2-dormitorios-alugar-bosque-flamboyant-taubate,2026-08-17
https://www.lobatoemoraesimoveis.com.br/mobile/imovel/4106584/casa-condominio-2-dormitorios-alugar-una-taubate,2026-08-17
https://www.lobatoemoraesimoveis.com.br/mobile/imovel/3963304/apartamento-3-dormitorios-alugar-des-arts-jardim-das-nacoes,2026-08-16
https://www.lobatoemoraesimoveis.com.br/mobile/imovel/venda/casa/taubate,2026-08-16
https://www.lobatoemoraesimoveis.com.br/noticias,2026-08-16
https://www.lobatoemoraesimoveis.com.br/mobile/imovel/4317652/casa-venda-taubate-sp-vila-jaboticabira-condominio-marajoara,2026-08-16
https://www.lobatoemoraesimoveis.com.br/imovel/venda/apartamento/taubate/vila-costa-427747/?&dormitorios=2&amp=1,2026-08-16
https://www.lobatoemoraesimoveis.com.br/imovel/venda/apartamento/taubate/vila-das-jabuticabeiras-427764/?&dormitorios=3&pag=1&amp=1,2026-08-14
https://www.lobatoemoraesimoveis.com.br/mobile/imovel/venda/apartamento/taubate/vila-das-jabuticabeiras-427764/?&dormitorios=3&pag=1,2026-08-14
https://www.lobatoemoraesimoveis.com.br/imovel/?finalidade=locacao&tipo=sala-comercial&cid=taubate&bairro=independencia-427767&sui&gar&dor&amp=1&pag=1,2026-08-14
https://www.lobatoemoraesimoveis.com.br/imovel/venda/apartamento/taubate/loteamento-residencial-e-comercial-bosque-flamboyant-427744/?&dormitorios=2&amp=1,2026-08-13
https://www.lobatoemoraesimoveis.com.br/mobile/imovel/venda/apartamento/taubate/loteamento-residencial-e-comercial-bosque-flamboyant-427744/?&dormitorios=2,2026-08-13
https://www.lobatoemoraesimoveis.com.br/imovel/3883826/rembrandt-residencial-taubate-sp,2026-08-13
https://www.lobatoemoraesimoveis.com.br/mobile/imovel/locacao/apartamento,2026-08-13
https://www.lobatoemoraesimoveis.com.br/imovel/locacao/sala-comercial/taubate/?&pag=1&amp=1,2026-08-12
https://www.lobatoemoraesimoveis.com.br/mobile/imovel/venda/cobertura,2026-08-12
https://www.lobatoemoraesimoveis.com.br/mobile/imovel/venda/apartamento/taubate/vila-costa-427747,2026-08-12
https://www.lobatoemoraesimoveis.com.br/mobile/imovel/locacao/sala-comercial/taubate/?pag=1,2026-08-12
https://www.lobatoemoraesimoveis.com.br/mobile/imovel/venda/apartamento/taubate/vila-das-jabuticabeiras-427764/?dormitorios=3&pag=1,2026-08-12
https://www.lobatoemoraesimoveis.com.br/imovel/venda/apartamento/taubate/vila-costa-427747/?&dormitorios=3&amp=1,2026-08-12
https://www.lobatoemoraesimoveis.com.br/imovel/venda/apartamento/taubate/vila-costa-427747/?&pag=1&amp=1,2026-08-12
https://www.lobatoemoraesimoveis.com.br/mobile/imovel/venda/apartamento/taubate/vila-costa-427747/?&dormitorios=3,2026-08-12
https://www.lobatoemoraesimoveis.com.br/imovel/venda/casa-em-condominio/tremembe/?&pag=1&amp=1,2026-08-12
https://www.lobatoemoraesimoveis.com.br/imovel/locacao/apartamento/taubate/jardim-das-nacoes-427741/?&dormitorios=3&amp=1,2026-08-12
https://www.lobatoemoraesimoveis.com.br/mobile/imovel/locacao/apartamento/taubate/jardim-das-nacoes-427741/?&dormitorios=3,2026-08-12
https://www.lobatoemoraesimoveis.com.br/mobile/imovel/venda/casa-em-condominio/tremembe/loteamento-residencial-campos-do-conde-ii-427782,2026-08-12
https://www.lobatoemoraesimoveis.com.br/mobile/imovel/venda/terreno/taubate,2026-08-11
https://www.lobatoemoraesimoveis.com.br/imovel/4137859/apartamento-3-quartos-proximo-shopping-taubate-venda,2026-08-11
https://www.lobatoemoraesimoveis.com.br/mobile/imovel/venda/terreno,2026-08-11
https://www.lobatoemoraesimoveis.com.br/seu-imovel,2026-08-11
https://www.lobatoemoraesimoveis.com.br/mobile/imovel/venda/apartamento/taubate/jardim-das-nacoes-427741/?&dormitorios=2,2026-08-11
https://www.lobatoemoraesimoveis.com.br/mobile/imovel/venda/apartamento/taubate/loteamento-residencial-e-comercial-bosque-flamboyant-427744,2026-08-11
https://www.lobatoemoraesimoveis.com.br/mobile/imovel/venda/apartamento/taubate/jardim-das-nacoes-427741/?&dormitorios=3,2026-08-11
https://www.lobatoemoraesimoveis.com.br/imovel/venda/apartamento/taubate/jardim-das-nacoes-427741/?&dormitorios=2&amp=1,2026-08-11
https://www.lobatoemoraesimoveis.com.br/mobile/imovel/venda/casa/cacapava,2026-08-11
https://www.lobatoemoraesimoveis.com.br/mobile/imovel/venda/apartamento/?pag=2,2026-08-11
https://www.lobatoemoraesimoveis.com.br/imovel/venda/apartamento/?&pag=1&amp=1,2026-08-11
https://www.lobatoemoraesimoveis.com.br/mobile/imovel/3677054/casa-venda-taubate-sp-sao-goncalo,2026-08-11
https://www.lobatoemoraesimoveis.com.br/imovel/3940239/apartamento-venda-jardim-das-nacoes-taubate-condominio-des-arts-166m2,2026-08-11
https://www.lobatoemoraesimoveis.com.br/mobile/imovel/2661793/casa-venda-taubate-sp-loteamento-residencial-e-comercial-bosque-flamboyant,2026-08-10
https://www.lobatoemoraesimoveis.com.br/mobile/imovel/venda/apartamento/taubate/jardim-dos-estados-427793,2026-08-10
https://www.lobatoemoraesimoveis.com.br/mobile/imovel/2661801/casa-venda-tremembe-sp-loteamento-residencial-campos-do-conde-ii,2026-08-10
https://www.lobatoemoraesimoveis.com.br/imovel/venda/casa/taubate/?&pag=1&amp=1,2026-08-10
https://www.lobatoemoraesimoveis.com.br/imovel/3787012/terreno-em-condominio-fechado-taubate-lote-1130m2,2026-08-10
https://www.lobatoemoraesimoveis.com.br/imovel/venda/apartamento/taubate/vila-edmundo-427789/?&pag=1&amp=1,2026-08-10
https://www.lobatoemoraesimoveis.com.br/imovel/venda/consultorio-medico/taubate/?&pag=1&amp=1,2026-08-10
https://www.lobatoemoraesimoveis.com.br/mobile/imovel/locacao/sala-comercial/taubate/independencia-427767/?&banheiros=2,2026-08-10
https://www.lobatoemoraesimoveis.com.br/mobile/imovel/2661794/casa-venda-taubate-sp-jardim-das-nacoes,2026-08-10
https://www.lobatoemoraesimoveis.com.br/imovel/locacao/sala-comercial/taubate/independencia-427767/?&banheiros=2&amp=1,2026-08-10
https://www.lobatoemoraesimoveis.com.br/mobile/imovel/venda/apartamento/taubate/vila-costa-427747/?&dormitorios=2,2026-08-09
https://www.lobatoemoraesimoveis.com.br/mobile/imovel/4370248/apartamento-venda-taubate-sp-centro-edificio-manaca,2026-08-09
https://www.lobatoemoraesimoveis.com.br/mobile/imovel/4368917/apartamento-venda-taubate-sp-vila-costa-condominio-village-towers,2026-08-09
https://www.lobatoemoraesimoveis.com.br/imovel/venda/apartamento/taubate/centro-427742/?&pag=1&amp=1,2026-08-08
https://www.lobatoemoraesimoveis.com.br/mobile/imovel/venda/apartamento/taubate/centro-427742/?&pag=1,2026-08-08
https://www.lobatoemoraesimoveis.com.br/mobile/imovel/4368863/apartamento-venda-taubate-sp-vila-das-jabuticabeiras-cyan-boulevard-das-aguas,2026-08-08
https://www.lobatoemoraesimoveis.com.br/mobile/imovel/4369235/apartamento-venda-taubate-sp-jardim-das-nacoes-edificio-europa,2026-08-08
https://www.lobatoemoraesimoveis.com.br/imovel/venda/apartamento/taubate/areao-427761/,2026-08-08
https://www.lobatoemoraesimoveis.com.br/mobile/imovel/venda/apartamento/taubate/areao-427761,2026-08-08
https://www.lobatoemoraesimoveis.com.br/mobile/imovel/4369119/apartamento-venda-taubate-sp-areao-ecco-villaggio-residencial-clube,2026-08-08
https://www.lobatoemoraesimoveis.com.br/imovel/locacao/apartamento/?&pag=1&amp=1,2026-08-07
https://www.lobatoemoraesimoveis.com.br/mobile/imovel/3940239/apartamento-venda-jardim-das-nacoes-taubate-condominio-des-arts-166m2,2026-08-07
https://www.lobatoemoraesimoveis.com.br/politica-de-privacidade,2026-08-05
https://www.lobatoemoraesimoveis.com.br/imovel/venda/casa/taubate/esplanada-independencia-427772/?&dormitorios=3&amp=1,2026-08-04
https://www.lobatoemoraesimoveis.com.br/mobile/imovel/venda/casa/taubate/esplanada-independencia-427772/?&dormitorios=3,2026-08-04
https://www.lobatoemoraesimoveis.com.br/mobile/imovel/venda/casa/taubate/centro-427742,2026-08-04
https://www.lobatoemoraesimoveis.com.br/mobile/imovel/venda/casa/taubate/jardim-gurilandia-460518,2026-08-04
https://www.lobatoemoraesimoveis.com.br/imovel/?corretor=lobato&tipo=apartamento&amp=1,2026-08-03
https://www.lobatoemoraesimoveis.com.br/imovel/locacao/casa/taubate/distrito-industrial-do-una-ii-740700/?&dormitorios=2&amp=1,2026-08-02
https://www.lobatoemoraesimoveis.com.br/imovel/venda/apartamento/taubate/vila-das-jabuticabeiras-427764/?&pag=1&amp=1,2026-08-02
https://www.lobatoemoraesimoveis.com.br/mobile/imovel/venda/apartamento/taubate/vila-das-jabuticabeiras-427764,2026-08-02
https://www.lobatoemoraesimoveis.com.br/mobile/imovel/venda/casa/taubate/jardim-marajoara-774533/?&dormitorios=3,2026-08-02
https://www.lobatoemoraesimoveis.com.br/imovel/4185684/area-venda-taubate-barreiro-39000m2-para-condominio-e-loteamento,2026-08-02
https://www.lobatoemoraesimoveis.com.br/mobile/imovel/venda/casa/taubate/esplanada-independencia-427772,2026-08-02
https://www.lobatoemoraesimoveis.com.br/imovel/venda/casa/tremembe/loteamento-residencial-campos-do-conde-ii-427782/?&pag=1&amp=1,2026-08-02
https://www.lobatoemoraesimoveis.com.br/mobile/imovel/locacao/casa/taubate/distrito-industrial-do-una-ii-740700/?&dormitorios=2,2026-08-02
https://www.lobatoemoraesimoveis.com.br/mobile/imovel/venda/casa/tremembe/centro-427742/?&dormitorios=2,2026-08-02
https://www.lobatoemoraesimoveis.com.br/mobile/imovel/locacao/clinica/taubate/independencia-427767,2026-08-02
https://www.lobatoemoraesimoveis.com.br/imovel/2209350/apartamento-mobiliado-venda-campos-do-jordao-sp?&amp=1,2026-08-01
https://www.lobatoemoraesimoveis.com.br/mobile/imovel/?sui&gar&dor&pag=2,2026-08-01
https://www.lobatoemoraesimoveis.com.br/mobile/imovel/4359855/apartamento-venda-taubate-sp-jardim-das-nacoes-residencial-mob,2026-08-01
https://www.lobatoemoraesimoveis.com.br/mobile/imovel/venda/casa/tremembe,2026-07-31
https://www.lobatoemoraesimoveis.com.br/imovel/venda/casa/taubate/jardim-marajoara-774533/?&dormitorios=3&amp=1,2026-07-31
https://www.lobatoemoraesimoveis.com.br/mobile/imovel/venda/area/taubate,2026-07-31
https://www.lobatoemoraesimoveis.com.br/mobile/imovel/?&tipo=area&bairro=0&sui&gar&dor&&pag=1,2026-07-31
https://www.lobatoemoraesimoveis.com.br/imovel/?corretor=lobato&tipo=area&amp=1,2026-07-31
https://www.lobatoemoraesimoveis.com.br/imovel/locacao/sala-comercial/taubate/centro-427742/?&banheiros=1&amp=1,2026-07-30
https://www.lobatoemoraesimoveis.com.br/mobile/imovel/locacao/sala-comercial/taubate/centro-427742/?&banheiros=1,2026-07-30
https://www.lobatoemoraesimoveis.com.br/mobile/imovel/venda/chacara/cacapava,2026-07-30
https://www.lobatoemoraesimoveis.com.br/mobile/imovel/locacao,2026-07-30
https://www.lobatoemoraesimoveis.com.br/mobile/imovel/venda/prontos-para-morar/taubate,2026-07-30
https://www.lobatoemoraesimoveis.com.br/imovel/?corretor=lobato&tipo=terreno&amp=1,2026-07-30
https://www.lobatoemoraesimoveis.com.br/mobile/imovel/2209350/apartamento-mobiliado-venda-campos-do-jordao-sp,2026-07-30
https://www.lobatoemoraesimoveis.com.br/mobile/imovel/?vma=200000&sui&gar&dor&pag=2,2026-07-30
https://www.lobatoemoraesimoveis.com.br/mobile/imovel/?&tipo=terreno&bairro=0&sui&gar&dor&&pag=1,2026-07-30
https://www.lobatoemoraesimoveis.com.br/mobile/imovel/locacao/casa/taubate/distrito-industrial-do-una-ii-740700,2026-07-29
https://www.lobatoemoraesimoveis.com.br/imovel/?corretor=lobato&tipo=casa-em-condominio&amp=1,2026-07-29
https://www.lobatoemoraesimoveis.com.br/imovel/locacao/todos/taubate/independencia-427767/?&banheiros=2&amp=1,2026-07-29
https://www.lobatoemoraesimoveis.com.br/mobile/imovel/locacao/todos/taubate/independencia-427767/?&banheiros=2,2026-07-29
https://www.lobatoemoraesimoveis.com.br/imovel/venda/chacara/?&pag=1&amp=1,2026-07-29
https://www.lobatoemoraesimoveis.com.br/mobile/imovel/venda/casa/taubate/chacaras-catagua-427751,2026-07-29
https://www.lobatoemoraesimoveis.com.br/mobile/imovel/venda/apartamento/taubate/centro-427742/?pag=1,2026-07-29
https://www.lobatoemoraesimoveis.com.br/mobile/imovel/venda/casa/cacapava/resdiencial-colinas-449479/?&dormitorios=3,2026-07-28
https://www.lobatoemoraesimoveis.com.br/mobile/imovel/?corretor=lobato&tipo=area,2026-07-28
https://www.lobatoemoraesimoveis.com.br/imovel/venda/casa/taubate/centro-427742/?&pag=1&amp=1,2026-07-28
https://www.lobatoemoraesimoveis.com.br/imovel/locacao/casa/tremembe/loteamento-residencial-morada-do-visconde-703038/?&dormitorios=3&amp=1,2026-07-28
https://www.lobatoemoraesimoveis.com.br/mobile/imovel/locacao/casa/tremembe/loteamento-residencial-morada-do-visconde-703038/?&dormitorios=3,2026-07-28
https://www.lobatoemoraesimoveis.com.br/imovel/venda/consultorio-medico/taubate/loteamento-residencial-e-comercial-bosque-flamboyant-427744/?&banheiros=1&pag=1&amp=1,2026-07-28
https://www.lobatoemoraesimoveis.com.br/mobile/imovel/venda/consultorio-medico/taubate/loteamento-residencial-e-comercial-bosque-flamboyant-427744/?banheiros=1&pag=1,2026-07-28
https://www.lobatoemoraesimoveis.com.br/imovel/?corretor=lobato&tipo=cobertura&amp=1,2026-07-27
https://www.lobatoemoraesimoveis.com.br/imovel/?&tipo=casa&bairro=0&sui&gar&dor&&pag=1&amp=1,2026-07-27
https://www.lobatoemoraesimoveis.com.br/imovel/venda/casa/taubate/esplanada-independencia-427772/?&pag=1&amp=1,2026-07-27
https://www.lobatoemoraesimoveis.com.br/mobile/imovel/?&tipo=casa-em-condominio&bairro=0&sui&gar&dor&&pag=1,2026-07-27
https://www.lobatoemoraesimoveis.com.br/imovel/venda/casa/tremembe/centro-427742/?&pag=1&amp=1,2026-07-26
https://www.lobatoemoraesimoveis.com.br/mobile/imovel/?corretor=lobato&tipo=casa-em-condominio,2026-07-26
https://www.lobatoemoraesimoveis.com.br/mobile/imovel/?&tipo=cobertura&bairro=0&sui&gar&dor&&pag=1,2026-07-26
https://www.lobatoemoraesimoveis.com.br/mobile/imovel/?corretor=lobato&tipo=terreno,2026-07-25
https://www.lobatoemoraesimoveis.com.br/mobile/imovel/venda/chacara,2026-07-25
https://www.lobatoemoraesimoveis.com.br/mobile/imovel/?corretor=lobato&tipo=cobertura,2026-07-24
https://www.lobatoemoraesimoveis.com.br/imovel/?corretor=lobato&pag=2&amp=1,2026-07-24
https://www.lobatoemoraesimoveis.com.br/mobile/imovel/?corretor=lobato&pag=2,2026-07-24
https://www.lobatoemoraesimoveis.com.br/mobile/imovel/?corretor=lobato,2026-07-23
https://www.lobatoemoraesimoveis.com.br/imovel/venda/casa/taubate/vila-jaboticabira-772522/?&dormitorios=3&amp=1,2026-07-23
https://www.lobatoemoraesimoveis.com.br/imovel/venda/casa-em-condominio/?&pag=1&amp=1,2026-07-22
https://www.lobatoemoraesimoveis.com.br/imovel/?&tipo&bairro=0&sui&gar&dor&&pag=2&amp=1,2026-07-22
https://www.lobatoemoraesimoveis.com.br/mobile/imovel/venda/prontos-para-morar/taubate/loteamento-residencial-e-comercial-bosque-flamboyant-427744,2026-07-22
https://www.lobatoemoraesimoveis.com.br/mobile/imovel/4097476/apartamento-locacao-taubate-sp-vila-edmundo,2026-07-22
https://www.lobatoemoraesimoveis.com.br/imovel/?pag=3&&&amp=1,2026-07-22
https://www.lobatoemoraesimoveis.com.br/imovel/locacao/sala-comercial/?&pag=1&amp=1,2026-07-21
https://www.lobatoemoraesimoveis.com.br/mobile/imovel/venda/casa/campos-do-jordao,2026-07-21
https://www.lobatoemoraesimoveis.com.br/mobile/imovel/venda/consultorio-medico,2026-07-20
https://www.lobatoemoraesimoveis.com.br/imovel/venda/apartamento/campos-do-jordao/?&cid=campos-do-jordao&sui&gar&dor&pag=1&amp=1,2026-07-20
https://www.lobatoemoraesimoveis.com.br/mobile/imovel/venda/apartamento/campos-do-jordao/?cid=campos-do-jordao&sui&gar&dor&pag=1,2026-07-20
https://www.lobatoemoraesimoveis.com.br/imovel/venda/casa/taubate/jardim-das-nacoes-427741/?&pag=1&amp=1,2026-07-19
https://www.lobatoemoraesimoveis.com.br/imovel/locacao/apartamento/taubate/vila-edmundo-427789/?&pag=1&amp=1,2026-07-19
https://www.lobatoemoraesimoveis.com.br/imovel/locacao/todos/taubate/?&cid=taubate&sui&gar&dor&pag=1&amp=1,2026-07-19
https://www.lobatoemoraesimoveis.com.br/imovel/locacao/casa/?&pag=1&amp=1,2026-07-19
https://www.lobatoemoraesimoveis.com.br/mobile/imovel/4322605/apartamento-locacao-taubate-sp-jardim-das-nacoes-edificio-guaeca,2026-07-19
https://www.lobatoemoraesimoveis.com.br/imovel/?vma=200000&sui&gar&dor&pag=1&amp=1,2026-07-19
https://www.lobatoemoraesimoveis.com.br/imovel/venda/apartamento/taubate/jardim-das-nacoes-427741/?&cid=taubate&sui&gar&dor=2&pag=1&amp=1,2026-07-19
https://www.lobatoemoraesimoveis.com.br/imovel/locacao/?&pag=2&amp=1,2026-07-19
https://www.lobatoemoraesimoveis.com.br/mobile/imovel/4194906/apartamento-venda-3-dorms-suite-166m-des-arts-jardim-nacoes-taubate,2026-07-19
https://www.lobatoemoraesimoveis.com.br/mobile/imovel/venda/apartamento/taubate/jardim-dos-estados-427793/?&dormitorios=3,2026-07-18
https://www.lobatoemoraesimoveis.com.br/mobile/imovel/locacao/casa/tremembe/loteamento-residencial-morada-do-visconde-703038,2026-07-18
https://www.lobatoemoraesimoveis.com.br/imovel/?vma=200000&pag=2&amp=1,2026-07-18
https://www.lobatoemoraesimoveis.com.br/mobile/imovel/locacao/?&pag=2,2026-07-18
https://www.lobatoemoraesimoveis.com.br/imovel/?finalidade=locacao&tipo=apartamento&bairro=0&sui&gar&dor&amp=1&pag=1,2026-07-17
https://www.lobatoemoraesimoveis.com.br/mobile/imovel/?pag=3&&,2026-07-17
https://www.lobatoemoraesimoveis.com.br/imovel/?pag=1&amp=1,2026-07-17
https://www.lobatoemoraesimoveis.com.br/mobile/imovel/4199485/casa-em-condominio-venda-tremembe-sp-loteamento-residencial-campos-do-conde-ii,2026-07-17
https://www.lobatoemoraesimoveis.com.br/imovel/venda/apartamento/taubate/jardim-das-nacoes-427741/?&dormitorios=3&amp=1,2026-07-17
https://www.lobatoemoraesimoveis.com.br/imovel/venda/area/?&pag=1&amp=1,2026-07-17
https://www.lobatoemoraesimoveis.com.br/imovel/?vmi=800000&vma=0&pag=1&,2026-07-17
https://www.lobatoemoraesimoveis.com.br/imovel/?vmi=800000&vma=0&pag=1&amp=1,2026-07-17
https://www.lobatoemoraesimoveis.com.br/mobile/imovel/?vmi=500000&vma=800000,2026-07-16
https://www.lobatoemoraesimoveis.com.br/mobile/imovel/4317652/casa-venda-taubate-sp-jardim-marajoara-condominio-marajoara,2026-07-16
https://www.lobatoemoraesimoveis.com.br/imovel/venda/casa/santo-antonio-do-pinhal/?&pag=1&amp=1,2026-07-16
https://www.lobatoemoraesimoveis.com.br/mobile/imovel/venda/terreno/taubate/chacara-sao-felix-do-catagua-699278,2026-07-16
https://www.lobatoemoraesimoveis.com.br/imovel/?&tipo&vma=200000&bairro=0&sui&gar&dor&&pag=2&&amp=1,2026-07-16
https://www.lobatoemoraesimoveis.com.br/mobile/imovel/venda/casa/taubate/jardim-gurilandia-460518/?&dormitorios=3,2026-07-16
https://www.lobatoemoraesimoveis.com.br/mobile/imovel/venda/casa/taubate/vila-jaboticabira-772522/?&dormitorios=3,2026-07-16
https://www.lobatoemoraesimoveis.com.br/mobile/imovel/3839779/apartamento-venda-taubate-sp-jardim-das-nacoes,2026-07-16
https://www.lobatoemoraesimoveis.com.br/mobile/imovel/2105383/casa-venda-cacapava-sp-resdiencial-colinas,2026-07-16
https://www.lobatoemoraesimoveis.com.br/mobile/imovel/venda/apartamento/taubate/jardim-das-nacoes-427741,2026-07-16
https://www.lobatoemoraesimoveis.com.br/mobile/imovel/venda/casa/cacapava/parque-residencial-maria-elmira-540182,2026-07-16
https://www.lobatoemoraesimoveis.com.br/mobile/imovel/locacao/todos/taubate/independencia-427767,2026-07-15
https://www.lobatoemoraesimoveis.com.br/mobile/imovel/venda/chacara/cacapava/jardim-palmeiras-427783,2026-07-15
https://www.lobatoemoraesimoveis.com.br/mobile/imovel/venda/sobrado/taubate/condominio-catagua-way-540184/?&pag=1,2026-07-15
https://www.lobatoemoraesimoveis.com.br/imovel/locacao/sala-comercial/taubate/centro-427742/?&pag=1&amp=1,2026-07-15
https://www.lobatoemoraesimoveis.com.br/imovel/locacao/?&pag=1&amp=1,2026-07-15
https://www.lobatoemoraesimoveis.com.br/mobile/imovel/venda/?pag=2,2026-07-15
https://www.lobatoemoraesimoveis.com.br/imovel/venda/casa/taubate/jardim-marajoara-774533/?&pag=1&amp=1,2026-07-15
https://www.lobatoemoraesimoveis.com.br/imovel/venda/apartamento/taubate/independencia-427767/?&pag=1&amp=1,2026-07-15
https://www.lobatoemoraesimoveis.com.br/imovel/venda/casa/taubate/jardim-marajoara-774533/,2026-07-15
https://www.lobatoemoraesimoveis.com.br/mobile/imovel/venda/casa/taubate/jardim-marajoara-774533,2026-07-15
https://www.lobatoemoraesimoveis.com.br/pagina/cadastro-de-locatario,2026-07-15
https://www.lobatoemoraesimoveis.com.br/imovel/locacao/casa-em-condominio/?&pag=1&amp=1,2026-07-15
https://www.lobatoemoraesimoveis.com.br/mobile/imovel/?pag=4,2026-07-15
https://www.lobatoemoraesimoveis.com.br/imovel/venda/casa/taubate/loteamento-residencial-e-comercial-bosque-flamboyant-427744/?&cid=taubate&sui&gar&dor&pag=1&amp=1,2026-07-15
https://www.lobatoemoraesimoveis.com.br/imovel/venda/casa/santo-antonio-do-pinhal/centro-427742/?&dormitorios=5&amp=1,2026-07-14
https://www.lobatoemoraesimoveis.com.br/mobile/imovel/venda/casa/santo-antonio-do-pinhal/centro-427742/?&dormitorios=5,2026-07-14
https://www.lobatoemoraesimoveis.com.br/imovel/venda/casa/campos-do-jordao/vila-inglesa-427799/?&pag=1&amp=1,2026-07-14
https://www.lobatoemoraesimoveis.com.br/imovel/venda/consultorio-medico/taubate/loteamento-residencial-e-comercial-bosque-flamboyant-427744/?&pag=1&amp=1,2026-07-14
https://www.lobatoemoraesimoveis.com.br/mobile/imovel/2205942/casa-venda-taubate-sp-jardim-gurilandia,2026-07-14
https://www.lobatoemoraesimoveis.com.br/imovel/?vmi=800000&vma=0&pag=2&amp=1,2026-07-14
https://www.lobatoemoraesimoveis.com.br/mobile/imovel/?vmi=800000&vma=0&pag=2,2026-07-14
https://www.lobatoemoraesimoveis.com.br/mobile/imovel/venda/sobrado/taubate/condominio-catagua-way-540184/?pag=1,2026-07-14
https://www.lobatoemoraesimoveis.com.br/mobile/imovel/venda/casa-em-condominio,2026-07-14
https://www.lobatoemoraesimoveis.com.br/mobile/imovel/3388280/casa-venda-santo-antonio-do-pinhal-sp-centro,2026-07-14
https://www.lobatoemoraesimoveis.com.br/mobile/imovel/venda/area,2026-07-14
https://www.lobatoemoraesimoveis.com.br/noticias/razoes-para-alugar-seu-imovel-com-uma-imobiliaria-9043,2026-07-14
https://www.lobatoemoraesimoveis.com.br/mobile/imovel/4268153/apartamento-locacao-taubate-sp-jardim-das-nacoes,2026-07-14
https://www.lobatoemoraesimoveis.com.br/imovel/venda/terreno/taubate/chacaras-catagua-427751/,2026-07-14
https://www.lobatoemoraesimoveis.com.br/imovel/venda/casa/?&pag=1&amp=1,2026-07-14
https://www.lobatoemoraesimoveis.com.br/mobile/imovel/venda/casa/?pag=1,2026-07-14
https://www.lobatoemoraesimoveis.com.br/imovel/venda/area/taubate/?&pag=1&amp=1,2026-07-14
https://www.lobatoemoraesimoveis.com.br/imovel/venda/?&pag=3&amp=1,2026-07-14
https://www.lobatoemoraesimoveis.com.br/mobile/imovel/venda/apartamento/campos-do-jordao/?&cid=campos-do-jordao&sui&gar&dor&pag=1,2026-07-14
https://www.lobatoemoraesimoveis.com.br/imovel/venda/casa/tremembe/?&cid=tremembe&sui&gar&dor&pag=1&amp=1,2026-07-14
https://www.lobatoemoraesimoveis.com.br/mobile/imovel/venda/apartamento/taubate/independencia-427767/?pag=1,2026-07-13
https://www.lobatoemoraesimoveis.com.br/imovel/locacao/clinica/taubate/?&pag=1&amp=1,2026-07-13
https://www.lobatoemoraesimoveis.com.br/mobile/imovel/3787012/terreno-em-condominio-fechado-taubate-lote-1130m2,2026-07-13
https://www.lobatoemoraesimoveis.com.br/mobile/imovel/venda/?&pag=3,2026-07-13
https://www.lobatoemoraesimoveis.com.br/mobile/imovel/venda/?pag=3,2026-07-13
https://www.lobatoemoraesimoveis.com.br/mobile/imovel/?&tipo&vma=200000&bairro=0&sui&gar&dor&&pag=2,2026-07-13
https://www.lobatoemoraesimoveis.com.br/mobile/imovel/?tipo=clinica&finalidade=locacao&cidade=taubate,2026-07-13
https://www.lobatoemoraesimoveis.com.br/mobile/imovel/locacao/clinica/taubate,2026-07-13
https://www.lobatoemoraesimoveis.com.br/imovel/?finalidade=venda&tipo=casa&cid=tremembe&bairro=0&sui&gar&dor&&pag=1,2026-07-13
https://www.lobatoemoraesimoveis.com.br/imovel/venda/apartamento/taubate/centro-427742/?&dormitorios=3&amp=1,2026-07-13
https://www.lobatoemoraesimoveis.com.br/mobile/imovel/venda/apartamento/taubate/centro-427742/?&dormitorios=3,2026-07-13
https://www.lobatoemoraesimoveis.com.br/imovel/?finalidade=venda&tipo=apartamento&cid=taubate&bairro=vila-edmundo-427789&sui&gar&dor&&pag=1,2026-07-13
https://www.lobatoemoraesimoveis.com.br/imovel/?finalidade=venda&tipo=casa&cid=tremembe&bairro=centro-427742&sui&gar&dor&&pag=1,2026-07-12
https://www.lobatoemoraesimoveis.com.br/mobile/imovel/?finalidade=venda&tipo=casa&cid=tremembe&bairro=centro-427742&sui&gar&dor&&pag=1,2026-07-12
https://www.lobatoemoraesimoveis.com.br/imovel/locacao/casa/taubate/distrito-industrial-do-una-ii-740700/?&cid=taubate&sui&gar&dor&pag=1&amp=1,2026-07-12
https://www.lobatoemoraesimoveis.com.br/imovel/?finalidade=locacao&tipo=comercial,2026-07-12
https://www.lobatoemoraesimoveis.com.br/mobile/imovel/locacao/comercial,2026-07-12
https://www.lobatoemoraesimoveis.com.br/mobile/imovel/locacao/sala-comercial/taubate/centro-427742,2026-07-10
https://www.lobatoemoraesimoveis.com.br/mobile/imovel/venda/casa/campos-do-jordao/vila-inglesa-427799,2026-07-09
https://www.lobatoemoraesimoveis.com.br/mobile/imovel/venda/casa/cacapava/resdiencial-colinas-449479,2026-07-09
https://www.lobatoemoraesimoveis.com.br/mobile/imovel/venda/casa/campos-do-jordao/vila-capivari-444505,2026-07-09
https://www.lobatoemoraesimoveis.com.br/imovel/locacao/clinica/?&pag=1&amp=1,2026-07-07
https://www.lobatoemoraesimoveis.com.br/imovel/venda/casa/cacapava/?&cid=cacapava&sui&gar&dor&pag=1&amp=1,2026-07-07
https://www.lobatoemoraesimoveis.com.br/mobile/imovel/venda/casa/cacapava/?&cid=cacapava&sui&gar&dor&pag=1,2026-07-07
https://www.lobatoemoraesimoveis.com.br/mobile/imovel/locacao/clinica,2026-07-07
https://www.lobatoemoraesimoveis.com.br/imovel/?vmi=200000&vma=500000&amp=1,2026-07-06
https://www.lobatoemoraesimoveis.com.br/mobile/imovel/?vmi=200000&vma=500000,2026-07-06
https://www.lobatoemoraesimoveis.com.br/mobile/imovel/venda/casa/tremembe/loteamento-residencial-campos-do-conde-ii-427782,2026-07-06
https://www.lobatoemoraesimoveis.com.br/imovel/3963304/apartamento-venda-jardim-das-nacoes-taubate-condominio-des-arts-166m2,2026-07-04
https://www.lobatoemoraesimoveis.com.br/mobile/imovel/locacao/todos/taubate/?pag=1,2026-07-04
https://www.lobatoemoraesimoveis.com.br/mobile/imovel/locacao/casa/tremembe,2026-07-04
https://www.lobatoemoraesimoveis.com.br/mobile/imovel/?vmi=800000&vma=0,2026-07-04
https://www.lobatoemoraesimoveis.com.br/imovel/?vmi=800000&sui&gar&dor&pag=2&amp=1,2026-07-04
https://www.lobatoemoraesimoveis.com.br/mobile/imovel/?vmi=800000&sui&gar&dor&pag=2,2026-07-04
https://www.lobatoemoraesimoveis.com.br/mobile/imovel/4283218/terreno-venda-taubate-sp-chacaras-catagua-condominio-chacaras-catagua,2026-07-03
https://www.lobatoemoraesimoveis.com.br/mobile/imovel/venda/apartamento/taubate/independencia-427767,2026-07-02
https://www.lobatoemoraesimoveis.com.br/mobile/imovel/venda/cobertura/taubate,2026-07-02
https://www.lobatoemoraesimoveis.com.br/mobile/imovel/3981645/apartamento-locacao-taubate-sp-loteamento-residencial-e-comercial-bosque-flamboyant-piemont-residence,2026-07-01
https://www.lobatoemoraesimoveis.com.br/imovel/2661798/apartamento-venda-campos-do-jordao-sp-capivari,2026-06-30
https://www.lobatoemoraesimoveis.com.br/mobile/imovel/2661798/apartamento-venda-campos-do-jordao-sp-capivari,2026-06-30
https://www.lobatoemoraesimoveis.com.br/imovel/venda/casa/cacapava/?&pag=1&amp=1,2026-06-30
https://www.lobatoemoraesimoveis.com.br/imovel/2661813/casa-venda-tremembe-sp-centro,2026-06-30
https://www.lobatoemoraesimoveis.com.br/mobile/imovel/3968096/apartamento-locacao-3-dorms-suite-81m-syrah-residence-bosque-flamboyant-taubate,2026-06-29
https://www.lobatoemoraesimoveis.com.br/mobile/imovel/venda/casa/taubate/loteamento-residencial-e-comercial-bosque-flamboyant-427744/?&banheiros=2,2026-06-28
https://www.lobatoemoraesimoveis.com.br/imovel/2661791/terreno-venda-taubate-sp-jardim-de-alah,2026-06-25
https://www.lobatoemoraesimoveis.com.br/imovel/3970096/apartamento-locacao-3-dorms-suite-166m-des-arts-jardim-nacoes-taubate,2026-06-20
https://www.lobatoemoraesimoveis.com.br/mobile/imovel/3970096/apartamento-locacao-3-dorms-suite-166m-des-arts-jardim-nacoes-taubate,2026-06-20
https://www.lobatoemoraesimoveis.com.br/imovel/venda/sobrado/taubate/jardim-santa-tereza-663418/?&pag=1&amp=1,2026-06-17
https://www.lobatoemoraesimoveis.com.br/mobile/imovel/locacao/casa-em-condominio/tremembe,2026-06-14
https://www.lobatoemoraesimoveis.com.br/mobile/imovel/venda/casa/santo-antonio-do-pinhal/centro-427742,2026-06-12
https://www.lobatoemoraesimoveis.com.br/mobile/imovel/venda/casa-em-condominio/tremembe,2026-06-10
https://www.lobatoemoraesimoveis.com.br/mobile/imovel/locacao/casa-em-condominio,2026-06-09
https://www.lobatoemoraesimoveis.com.br/imovel/3970096/apartamento-locacao-taubate-sp-jardim-das-nacoes-condominio-des-arts?&amp=1,2026-06-08
https://www.lobatoemoraesimoveis.com.br/mobile/imovel/locacao/todos/taubate,2026-06-06
https://www.lobatoemoraesimoveis.com.br/pagina/politica-de-privacidade,2026-06-04
https://www.lobatoemoraesimoveis.com.br/mobile/imovel/venda/area/taubate/barreiro-427780,2026-06-04
https://www.lobatoemoraesimoveis.com.br/mobile/imovel/venda/casa/taubate/loteamento-residencial-e-comercial-bosque-flamboyant-427744,2026-06-03
https://www.lobatoemoraesimoveis.com.br/mobile/imovel/venda/cobertura/taubate/loteamento-residencial-e-comercial-bosque-flamboyant-427744,2026-06-03
https://www.lobatoemoraesimoveis.com.br/mobile/imovel/venda/apartamento/campos-do-jordao/vila-iara-460992,2026-06-02
https://www.lobatoemoraesimoveis.com.br/mobile/imovel/venda/terreno/taubate/jardim-de-alah-427795,2026-06-01
https://www.lobatoemoraesimoveis.com.br/mobile/imovel/locacao/apartamento/taubate/independencia-427767,2026-05-29
https://www.lobatoemoraesimoveis.com.br/mobile/imovel/venda/sobrado/taubate/jardim-santa-tereza-663418,2026-05-29
https://www.lobatoemoraesimoveis.com.br/mobile/imovel/venda/sobrado,2026-05-29
https://www.lobatoemoraesimoveis.com.br/imovel/locacao/casa/taubate/jardim-das-nacoes-427741/?&dormitorios=3&amp=1,2026-05-28
https://www.lobatoemoraesimoveis.com.br/mobile/imovel/3388245/sobrado-venda-taubate-sp-condominio-catagua-way,2026-05-26
https://www.lobatoemoraesimoveis.com.br/mobile/imovel/locacao/sala-comercial/taubate,2026-05-26
https://www.lobatoemoraesimoveis.com.br/mobile/imovel/?vma=200000&pag=2,2026-05-25
https://www.lobatoemoraesimoveis.com.br/imovel/?vmi=500000&vma=800000&amp=1,2026-05-25
https://www.lobatoemoraesimoveis.com.br/imovel/?vmi=800000&vma=0&amp=1,2026-05-25
https://www.lobatoemoraesimoveis.com.br/imovel/2661786/sobrado-venda-taubate-sp-jardim-das-nacoes,2026-05-25
https://www.lobatoemoraesimoveis.com.br/links,2026-05-24
https://www.lobatoemoraesimoveis.com.br/imovel/4199485/casa-venda-campos-do-conde-ii-tremembe-3-dormitorios-2-suites,2026-05-22
https://www.lobatoemoraesimoveis.com.br/mobile/imovel/venda/casa/taubate/sao-goncalo-540186,2026-05-19
https://www.lobatoemoraesimoveis.com.br/mobile/imovel/3388277/sobrado-venda-taubate-sp-jardim-santa-tereza,2026-05-19
https://www.lobatoemoraesimoveis.com.br/imovel/venda/apartamento/taubate/vila-edmundo-427789/,2026-05-19
https://www.lobatoemoraesimoveis.com.br/mobile/imovel/venda/apartamento/taubate/vila-edmundo-427789,2026-05-19
https://www.lobatoemoraesimoveis.com.br/mobile/imovel/venda/consultorio-medico/taubate/loteamento-residencial-e-comercial-bosque-flamboyant-427744,2026-05-19
https://www.lobatoemoraesimoveis.com.br/mobile/imovel/venda/casa/tremembe/centro-427742,2026-05-19
https://www.lobatoemoraesimoveis.com.br/mobile/imovel/locacao/casa-em-condominio/tremembe/loteamento-residencial-campos-do-conde-ii-427782,2026-05-18
https://www.lobatoemoraesimoveis.com.br/mobile/imovel/venda/sobrado/taubate/condominio-catagua-way-540184,2026-05-18
https://www.lobatoemoraesimoveis.com.br/mobile/sobre,2026-04-25